writing_speed,errors,pauses,pattern_variability,label
0.22483570765056166,1,1.0418940167295545,0.2147950350063484,0.0
0.19308678494144077,2,0.8030931899036063,0.2274809224522367,0.0
0.23238442690503464,1,0.9988090581574541,0.21134185131057076,0.0
0.2761514928204013,5,1.1568005558621497,0.24765910209566153,0.0
0.1882923312638332,1,0.9623477329827387,0.16712184884818027,0.0
0.18829315215254097,4,1.2386225891702056,0.25302131832662617,0.0
0.2789606407753696,2,1.2043030785563729,0.18655341634163874,0.0
0.23837173645764545,0,1.1837829709316658,0.19683689966451934,0.0
0.1765262807032524,1,0.9080686455454006,0.22962042545221428,0.0
0.22712800217929824,3,0.7840315104437026,0.10367167679984479,0.0
0.1768291153593769,2,0.8772824789274412,0.23079884428404965,0.0
0.17671351232148716,3,1.0392481881333442,0.22371702981442307,0.0
0.21209811357830172,3,1.1091573427064711,0.16196942335065598,0.0
0.10433598776711012,1,0.5656857190479105,0.1171588569798979,0.0
0.11375410837434836,0,0.99837735967765,0.11818708998260824,0.0
0.17188562353795137,1,1.031617845064637,0.2846447493970457,0.0
0.14935844398327883,4,0.9444911487368897,0.23785586424516741,0.0
0.2157123666297637,2,1.2582547678031757,0.12542052275414808,0.0
0.15459879622393946,4,1.084356014850174,0.17134463386178128,0.0
0.12938481493323545,3,1.2620383816161795,0.2184965987803193,0.0
0.2732824384460777,2,0.9568078959299535,0.2671143410181297,0.0
0.18871118497567324,3,1.187495498501385,0.10873218574260171,0.0
0.2033764102343962,2,1.327013278905504,0.14732662629400178,0.0
0.12876259068932716,2,1.2623386898545323,0.277949798059076,0.0
0.17278086377374088,2,0.7815716813142534,0.1018331100367633,0.0
0.2055461294854933,3,0.9492647844915238,0.14027982055877747,0.0
0.14245032112888487,1,0.9309670589100407,0.2918048351945932,0.0
0.21878490091728361,2,1.0978509070152656,0.22268036930443422,0.0
0.16996806550405977,3,1.1372707110029066,0.1523342733275013,0.0
0.18541531251033616,2,0.8322214651948527,0.11339821887916952,0.0
0.16991466938853017,0,1.0135677027833876,0.10563826808944443,0.0
0.2926139092254469,1,0.5960145335687728,0.14894901592738546,0.0
0.19932513876310332,2,1.288389001160378,0.2762971639177821,0.0
0.14711445355220498,2,0.8975251518646613,0.1831827308595019,0.0
0.24112724560515947,1,1.0111727879688994,0.2440666738331986,0.0
0.1389578175014489,0,0.9380700572023878,0.2836570070759915,0.0
0.2104431797502378,5,1.229205515002683,0.18160809232056332,0.0
0.10201649380601123,2,0.43249871172052423,0.1382554742074794,0.0
0.13359069755507846,1,0.9966779315348182,0.2034235861713839,0.0
0.2098430617934562,2,0.9788362485004605,0.2816167374119709,0.0
0.23692332899977053,0,0.9092727224816635,0.2608748828275401,0.0
0.20856841405949852,2,1.3452453091271266,0.11316596867263076,0.0
0.194217585880588,1,0.8225341082288458,0.23851456001551635,0.0
0.18494481522053557,3,1.1543592354471324,0.21437950449179075,0.0
0.12607390048162864,4,1.0712505577412168,0.2814926352692851,0.0
0.16400778958026457,2,1.2523038505071031,0.12449628337005945,0.0
0.17696806145201063,0,0.866562183044499,0.20680722264093132,0.0
0.2528561113109458,2,0.8534062201752481,0.27589253870237845,0.0
0.21718091447842308,2,1.2192139814954797,0.1820047573483486,0.0
0.11184799223186331,3,1.085064261666022,0.19639898354657342,0.0
0.21620419846973976,5,0.6910125306646482,0.11409213553339166,0.0
0.18074588597918417,2,0.8921389971073459,0.15562872808978218,0.0
0.16615389998470206,3,1.0772765307696122,0.16490132983378947,0.0
0.2305838144420434,3,1.1675528443093177,0.2890244897489774,0.0
0.25154997612479757,2,0.864153869361409,0.15653347210823182,0.0
0.24656400595580993,5,0.41714880203661175,0.1921737470539304,0.0
0.1580391238388681,2,1.1046446371474066,0.23426088471285594,0.0
0.1845393812074393,5,0.7559358620112049,0.13243667448157548,0.0
0.2165631715701782,0,0.5965322403755178,0.1972884774283749,0.0
0.24877725635611797,1,0.4335348150031718,0.24770780789518151,0.0
0.1760412881077355,1,1.1627961720395483,0.27337104260541323,0.0
0.19071705116680915,2,1.0257234900809933,0.22525185493248534,0.0
0.1446832512996986,1,0.9548687238575497,0.23381070306338958,0.0
0.14018966879596648,1,1.2778048725925524,0.1252566945169138,0.0
0.2406262911197099,0,1.1274649366046146,0.28915529944926943,0.0
0.26781200142854117,3,1.3232600085443833,0.12651481549689647,0.0
0.19639949392098333,3,0.7214529055666007,0.25493458743635966,0.0
0.25017664489460123,0,0.9930898752092073,0.15296326435566376,0.0
0.21808180125238172,1,0.6766573250103971,0.28671862874025034,0.0
0.16774401226974378,2,0.9541235336289066,0.2439919078738959,0.0
0.2180697802754207,5,0.9502768292466646,0.25076274259567377,0.0
0.27690182832329846,1,1.125322727452614,0.14381183461197666,0.0
0.19820869804450245,3,1.0091127762283796,0.18860799532703215,0.0
0.27823218279070033,0,1.1246814276559831,0.22356263891785727,0.0
0.06901274479551278,2,1.1406880266277788,0.25399472364132014,0.0
0.2410951252187612,1,1.4309857354766284,0.12079187518247791,0.0
0.20435235341190858,1,0.9369406689427752,0.29247306329090567,0.0
0.18504963247670664,2,0.8117954598667242,0.2780441341109112,0.0
0.20458803882677512,2,1.0492167230632818,0.15406971809911688,0.0
0.10062155426995537,1,0.8395439945720913,0.2645520486064664,0.0
0.1890164056081244,1,1.2963921536873073,0.20366478460796467,0.0
0.21785562857558732,1,0.9433563922109535,0.19236129631240373,0.0
0.2738947022370758,1,0.8868847264252019,0.1628868211622811,0.0
0.17408648908631763,3,0.9057368557697765,0.21619371732631848,0.0
0.15957531985534062,2,1.1436834846943282,0.24597782354071954,0.0
0.1749121478207732,5,0.9684506033537029,0.18218658099255164,0.0
0.24577010588510373,1,0.8716666359739236,0.2258438386016584,0.0
0.21643755548298424,3,1.3330703835247062,0.23986258423106074,0.0
0.17351198981164806,2,0.82876603186765,0.24222436340305717,0.0
0.22566337165566783,3,1.0071132148065987,0.11039321962623605,0.0
0.20485387746740202,3,1.130461230322046,0.2719495611370134,0.0
0.24843224952664447,3,0.6737329779165853,0.1916506629530096,0.0
0.1648973453061324,0,1.096052100281185,0.1524832163392429,0.0
0.1836168926701116,3,0.7889784649039101,0.14835290149593633,0.0
0.1803945923433921,2,1.1645565561668005,0.19660282256879008,0.0
0.12682425259339408,1,0.8074697976162047,0.2773663078937918,0.0
0.2148060138532288,2,1.1385538063697722,0.17566951633652939,0.0
0.21305276360899447,3,1.2211666132589425,0.24994514935670867,0.0
0.20025567283212306,0,1.172287305126561,0.11936374619744372,0.0
0.18827064333124266,2,1.0502633296476205,0.19521134043021235,0.0
0.12923146289747928,0,0.9537398114140601,0.2983372280785471,0.0
0.17896773386173206,0,0.8847160847330312,0.2540875605584674,0.0
0.18286427417366152,2,1.2942069381634207,0.1421056976881226,0.0
0.15988613653891906,1,0.8601009559664714,0.20028829473958215,0.0
0.19193571441669954,0,0.7925867852860008,0.1467249527297133,0.0
0.22020254284072693,1,1.133073787006566,0.18191218545250185,0.0
0.2943092950605265,2,0.8407726393627009,0.25601680474699295,0.0
0.20872889064159195,3,0.8099873005067746,0.25424496305808075,0.0
0.21287751953613823,4,0.7112791475660469,0.14562007558047702,0.0
0.19627770421169166,2,0.9034180321078964,0.284444663630972,0.0
0.10406143923504793,2,0.9834569952207014,0.21851363655296535,0.0
0.19867430622753918,2,1.0486183455321398,0.1759848581924029,0.0
0.20301151049705132,0,1.1902612488598967,0.2003871161561721,0.0
0.32316210562426434,2,1.1053795847331587,0.22101425068754874,0.0
0.19038195176094388,3,0.961825556089364,0.2119781063691571,0.0
0.21507736711668063,1,0.960360864724056,0.19728100710723562,0.0
0.19826441151473784,6,1.1020314937830367,0.20098656081788002,0.0
0.1415660981190234,1,1.254514032585714,0.13528238208557725,0.0
0.25714114072575106,3,1.0252628398966401,0.26254658086093585,0.0
0.2375966516343387,1,0.9061738291579182,0.20835206398820305,0.0
0.23955159735215237,1,0.8014267997828909,0.12621597234094062,0.0
0.15453062726026306,3,0.7109589471175548,0.25323142031655554,0.0
0.270139715546805,3,1.1332539344087047,0.28648879567547014,0.0
0.12990744686038597,3,1.1155957047279115,0.2894613798473924,0.0
0.22934285469001353,1,1.1154727050213322,0.17380354648223456,0.0
0.3095227812904989,6,0.9742681107295889,0.1271033747121508,0.0
0.15047318374346558,0,1.28138694917835,0.20367992532661303,0.0
0.1716851135198614,1,0.9031763010830365,0.12252184586984415,0.0
0.20498256825438207,4,1.1910538474414412,0.28679748370252345,0.0
0.17482621729419004,0,0.9922514210020914,0.1367159254710292,0.0
0.12246682844669338,5,0.8783298470641325,0.15055317199023283,0.0
0.20342814874030138,2,1.1185060614635522,0.1813273053769941,0.0
0.14688481431369477,1,1.0819272237367987,0.17663289371182517,0.0
0.22367962153175908,0,1.0713945518533852,0.2589325784795778,0.0
0.15402878828830985,0,1.0162556844112398,0.19126336411019246,0.0
0.277496720250877,4,0.9924213836566338,0.13415365200066737,0.0
0.16083733538318815,2,1.4776743985740877,0.15344197909721483,0.0
0.18389692418971623,2,1.2368513290392347,0.2018226770375044,0.0
0.2406758608684835,1,1.1445653789971024,0.12949078348522697,0.0
0.13845678417830226,0,1.0223598316406777,0.22233113512920283,0.0
0.21137299673020649,2,1.2014314401193338,0.21314946131022916,0.0
0.2653571377141214,1,1.1035989552782903,0.24294046327645152,0.0
0.11962583827193862,3,1.0052409505548072,0.28754092307587353,0.0
0.20923169292661523,0,0.939287134946817,0.2824509122202311,0.0
0.21299413971242118,1,0.9838165324674624,0.2892151236137662,0.0
0.23909114358886552,1,0.36591485282438885,0.1489431194047402,0.0
0.1381524644560959,4,1.0421201678595284,0.12631306132787093,0.0
0.13397716934578618,3,0.902304783977928,0.1604553400992897,0.0
0.2260970782808449,2,1.3185339996565768,0.2790170345532629,0.0
0.2148492336616593,2,1.0038688141623509,0.2944106949246976,0.0
0.21252464251729383,2,0.7622073160930076,0.27186499021409516,0.0
0.2173224104748488,2,0.9900239691743764,0.12200354422550873,0.0
0.16599876392107546,2,0.7907757829874992,0.28948559961195863,0.0
0.21161268485805018,1,1.0946814831424934,0.1846716054701572,0.0
0.21465362366493407,0,1.058189472867897,0.10186205815247074,0.0
0.16428242909868163,4,1.1915679262216536,0.18847874814963872,0.0
0.29328872555723784,0,0.8418236416610869,0.10921383393509353,0.0
0.2236916460455894,3,1.0068016192456293,0.2087755842322235,0.0
0.14043482513986758,1,0.726995640914673,0.16771080548741027,0.0
0.2328276804316915,2,1.1402989563849428,0.19468698671880974,0.0
0.15126591648863394,2,1.1037742360880245,0.2226340721486234,0.0
0.23935423018712262,5,1.0991610042055142,0.2737602191635641,0.0
0.2579297789503702,1,1.0003238062713882,0.23238031529438571,0.0
0.1589658840824145,1,1.082954578157758,0.18680977369563612,0.0
0.24816880646221612,5,1.3208678216617193,0.26388557073407304,0.0
0.22063904634682494,1,0.9429811485915972,0.2811164275146264,0.0
0.2411030079997245,1,1.0277290367420169,0.12395199328643945,0.0
0.2948396491326974,3,0.7827747401637181,0.20638659551055827,0.0
0.1877305941998565,0,0.8263478076803336,0.15690239194848882,0.0
0.16231319178212553,1,1.0195626586186615,0.10941223957538948,0.0
0.15552427851872386,0,1.2207867093403815,0.23370933902279706,0.0
0.1592094857517281,0,0.9487438351496855,0.27255415549184514,0.0
0.1961449145292948,3,0.9528166941375752,0.1325805308954788,0.0
0.2170575987408322,3,0.9186229510991251,0.2624827315247801,0.0
0.21383453996650095,1,0.8930486658311354,0.27067914670738835,0.0
0.2413591624518012,2,1.0589942911417642,0.2828680885332967,0.0
0.20065009459389535,0,0.7005484709642711,0.15305701781721048,0.0
0.27267670385786585,0,1.2561879153333455,0.2807906130379778,0.0
0.1867671583381022,4,0.8669155403741079,0.16413255094728646,0.0
0.33600845832948095,1,1.1443806970876282,0.21046760269110054,0.0
0.23128336738825034,4,0.7460002805212248,0.11010149416645643,0.0
0.15714212217918588,4,1.1337680261092435,0.10877621767374873,0.0
0.1464553750969444,4,1.1343889215628995,0.24407464254644057,0.0
0.22412362076215928,2,1.0768404144011794,0.1888959955955582,0.0
0.18882686073370747,2,0.8011142956400416,0.15125847507384352,0.0
0.2357000247046046,3,1.0499096379196153,0.13808269920498203,0.0
0.22366188122867725,2,0.7633887630531222,0.23399069817184362,0.0
0.19635855436715638,5,0.9494473489807629,0.10008030880506798,0.0
0.15766031409657977,5,1.2058826201910653,0.26117823383937083,0.0
0.12425763876570678,1,1.1593403854141484,0.11584992122598577,0.0
0.17767425239664897,2,1.0030365885080865,0.13829792298162388,0.0
0.24281993971617363,1,0.8050386848154316,0.1772472790598179,0.0
0.2107046872065102,2,1.1291175424348388,0.1969717479432207,0.0
0.13771306106440062,4,1.003876247539605,0.17099902316278837,0.0
0.2086590462925591,2,0.5359368803539153,0.16414243299685877,0.0
0.21926586898644185,4,1.1565259652633038,0.2927832024146377,0.0
0.15580712818994336,1,0.9951534332260615,0.22831593624867885,0.0
0.2076862552972764,3,1.2404902495966144,0.10468659107347765,0.0
0.20291043592230001,2,0.7809458962314391,0.18603518168886263,0.0
0.14285148510846885,3,0.36465923736079986,0.27500173994879407,0.0
0.21788936801741418,3,1.055816771669037,0.1602912372821336,0.0
0.22803922631841173,1,1.0583127353363946,0.11891126895487765,0.0
0.25415256215876386,3,0.6618656744787096,0.25167695431798354,0.0
0.2526901026017452,1,0.8043000908266787,0.22120276638721625,0.0
0.13111653160214545,3,1.5510435487439804,0.21406250156530077,0.0
0.15310874800424387,4,0.9388778771692393,0.1107153119214816,0.0
0.225751763360433,2,1.1461917952752432,0.12809980195910348,0.0
0.22568929754561046,3,0.8698680345263232,0.22450987924262275,0.0
0.22575238431530242,3,0.5819394202293686,0.14156476829176717,0.0
0.3926365745327361,3,0.9659483506408189,0.20081401594968484,0.0
0.22854452553465837,3,0.946879087942779,0.2089763372058787,0.0
0.25677828200902997,1,0.9200243522663257,0.15670143805418787,0.0
0.24770008817466013,0,0.9770718328987215,0.2896850311082986,0.0
0.2325695625652899,4,1.0528536543291274,0.26849282136711505,0.0
0.18423653776798274,1,0.9699766097492387,0.2444747015265597,0.0
0.23794846102466338,2,0.7471987664105273,0.11559877328188183,0.0
0.16135873927312142,1,1.0972369583123878,0.12122600386180389,0.0
0.18815906966299956,5,0.6101256489355154,0.19855626917299113,0.0
0.17573182260854484,1,0.5899285085431599,0.13214266983819714,0.0
0.20409370696931614,2,1.1478360989403136,0.2956530927058948,0.0
0.31573292833367544,2,1.1014040544270713,0.1317040468054819,0.0
0.1066367403704126,1,0.9885209269851928,0.1974935670927948,0.0
0.2343130095187257,0,0.7209102990489855,0.1728242113683011,0.0
0.11936420644051743,0,0.858417811865185,0.22787728429081958,0.0
0.17640340671052834,2,0.9474506504626992,0.12580728177788497,0.0
0.2544475298483683,2,0.6808212062851773,0.18606328560847818,0.0
0.20321400095477316,3,0.8521942683953534,0.15494100656142873,0.0
0.14611276110353472,3,1.130466067635336,0.27755030493433763,0.0
0.1642348145370016,0,1.2854610728578433,0.10811714242693903,0.0
0.23397988744673381,3,0.9161130494682899,0.28274549880129185,0.0
0.1634816684141432,1,1.1512976708632197,0.26659882771060006,0.0
0.21082292947909875,1,0.6171879858825065,0.1595141432881631,0.0
0.2022785919951907,3,1.1318902482227222,0.2578581309354209,0.0
0.16741998261970914,0,0.8392103170545038,0.10624271206774952,0.0
0.3071972044662663,1,1.061469123341594,0.2933731100586787,0.0
0.23169595111590058,2,0.9504495163520581,0.20531898851795788,0.0
0.09874287066711965,2,1.264082801956767,0.16065620521308904,0.0
0.2093227157384714,1,0.8251128703320163,0.17251664251893542,0.0
0.1669106767615806,1,1.1255212595123663,0.11328107069209947,0.0
0.24262166673981123,0,0.9440985073406933,0.29786990280840786,0.0
0.160373963078365,1,0.9683389043980672,0.1078583890301385,0.0
0.19426317792665507,2,0.963229221368158,0.2309814246295718,0.0
0.22524936394902287,1,0.8308653791011774,0.18854718554129166,0.0
0.24328775970850608,4,0.9971802068186657,0.289783243637743,0.0
0.1399851796472112,1,0.9874703555756357,0.14919994806135903,0.0
0.1832749382079526,3,1.0482480496813458,0.20641736478760225,0.0
0.1762527344419522,1,1.0169010291385725,0.1964712417165506,0.0
0.16733353837131443,3,1.1595989099224473,0.24057328881002027,0.0
0.28827271201405485,0,1.1847017232094736,0.1136020463904841,0.0
0.22024908554804778,1,0.7898753356344398,0.13875782600467096,0.0
0.13695580228324775,2,1.1737545001181542,0.14291296401856995,0.0
0.24589309735273882,1,0.7627327145780292,0.24763015096833793,0.0
0.3061078098506317,2,1.117571177627547,0.13782773926534803,0.0
0.25162326302755733,2,1.1239477569405738,0.21469835277819532,0.0
0.12403150170229933,2,0.6177366216674991,0.14304876410019074,0.0
0.17578829635668744,4,1.018595849305882,0.27232499001679566,0.0
0.26334555745933114,2,0.9063007773279368,0.2884370908979277,0.0
0.16461652671906096,3,0.848246948412925,0.20369859498844808,0.0
0.22219097140731142,2,1.2701704661398012,0.17046177684183567,0.0
0.23873170267146684,1,0.8692641718725163,0.14681155500349982,0.0
0.15365347642109586,2,0.83872461417639,0.10995620030460876,0.0
0.19702373219691,4,1.0151389880010186,0.15370001523949908,0.0
0.03793663299654637,2,1.1371179492596832,0.23084715598906358,0.0
0.1487806179332855,0,0.9716702827979746,0.20672338626184217,0.0
0.187371592430342,3,1.2332741091338504,0.2888082556561855,0.0
0.13761084090175754,0,1.106195132392818,0.17925545249834013,0.0
0.2816205651965818,5,0.564357736053714,0.2387726684656789,0.0
0.12849293110196836,2,0.8941066072985984,0.19786454949502427,0.0
0.17799777566515082,3,0.8876315801296601,0.20251524318484232,0.0
0.20653702886430458,2,1.0958721906858844,0.1535548629208235,0.0
0.27206366445330576,5,0.4750365887251776,0.19099015536839992,0.0
0.12820689244102804,2,1.5098019417435444,0.19415699940254144,0.0
0.258158187607748,2,1.106205218978842,0.24132850434978678,0.0
0.20051165305097937,1,1.0297753607835383,0.28812799983722276,0.0
0.15092456744760246,1,1.2363135432838293,0.16586425549650086,0.0
0.22310517371316355,6,1.468730810562525,0.10844009371625969,0.0
0.20995298477867352,1,1.1741493289176805,0.19925902510012794,0.0
0.16998915614206028,2,1.189762619294324,0.20889226642983372,0.0
0.20349010424950095,0,1.0261380048928765,0.13368811022638305,0.0
0.180734320156912,4,0.9716948493266103,0.2520929212552133,0.0
0.2056758672625624,2,0.9048409111990198,0.29698582168829835,0.0
0.23310653372605233,3,0.8347776016570916,0.2891549434016922,0.0
0.27930084080726764,3,0.8625971800601006,0.13942120776473044,0.0
0.13810922505865755,3,0.7298888071314034,0.27507264798015213,0.0
0.30665166873281335,2,0.9848257098629953,0.24089872728233694,0.0
0.10239561002387491,1,0.6630664845547226,0.19076931276138231,0.0
0.19241074524822085,2,1.038183304828742,0.20812219886494582,0.0
0.22941586032422884,3,0.9927338783915316,0.26992003499649164,0.0
0.21404959338675164,3,1.0293870596773376,0.19602698792767465,0.0
0.16886502400897033,3,0.8955736859960015,0.17464147382102538,0.0
0.18959388748213624,2,1.6153720740361006,0.19864949860519715,0.0
0.17534995326705838,3,1.2720231800360626,0.21582596080700983,0.0
0.17053176215278942,2,0.7510914999830555,0.13781553075566977,0.0
0.24248010485105126,0,1.0465736174853797,0.2801815460533981,0.0
0.2178507742982524,4,0.8783987714125353,0.23483738976592275,0.0
0.16535452023696728,3,0.7971040546585172,0.2266537834674978,0.0
0.24497999377166255,2,0.731985585775213,0.11989924523612763,0.0
0.21536497604383048,3,1.0864433381518508,0.22083478763451836,0.0
0.24064310594194802,2,0.8637239529860852,0.12419213244769847,0.0
0.23148144209618063,1,1.193565204805041,0.11573953503907981,0.0
0.1585502494538964,4,1.1987564429060877,0.20546217912847864,0.0
0.17199094799015152,3,1.27478287704229,0.18055710680929898,0.0
0.2373646802561631,4,0.8295226467851793,0.21776205403124466,0.0
0.23051851327167325,1,1.095073122138402,0.11784443361144772,0.0
0.1989549203017926,2,1.1264908433284602,0.1861966125694517,0.0
0.2058663691654391,1,0.905164364979207,0.1349573430090316,0.0
0.26388324478942127,2,0.845645608521425,0.2974200171848233,0.0
0.17042143055820852,1,1.3219041331551946,0.21223004248703486,0.0
0.2273548690585019,1,1.0454991751464107,0.23748737218817345,0.0
0.1898903673783053,5,1.1271935501423476,0.16508365613652157,0.0
0.189115939838639,0,0.8355847976344145,0.11894778295586883,0.0
0.2549388425993595,2,0.7561431066955613,0.2951741725567073,0.0
0.24127081744940151,4,0.8861100451015779,0.15725180707663663,0.0
0.24067548180003195,2,0.9751957225220006,0.18476163703471482,0.0
0.26527394035771645,0,0.7871559986365302,0.229972784340515,0.0
0.20105019208163796,5,0.9980310382699235,0.10493945953722227,0.0
0.2340976485647482,2,0.6622989623863,0.26205182610345734,0.0
0.18448666217032722,4,0.7759905155060256,0.20731563800572406,0.0
0.2162083176244221,3,1.134182249655375,0.15564343741376443,0.0
0.19349284728161578,1,1.1207581040555787,0.11232159705849386,0.0
0.20484979824963592,2,0.9216246469226267,0.1324996830948883,0.0
0.2297578512718457,5,0.7964471381846094,0.27900677177068733,0.0
0.15908896583832638,1,0.7945192896947978,0.2372048447871782,0.0
0.304619363784273,1,0.9253463508117372,0.14998034432737797,0.0
0.1496991309250149,1,1.1289036983290583,0.1131201529890059,0.0
0.1392905693606134,3,1.185649138268865,0.23812306247732726,0.0
0.2579055436750034,2,0.9006936529036061,0.214481545193553,0.0
0.2395831346981468,1,0.7693015148030432,0.180903904891647,0.0
0.23120599085260776,0,1.0535687275732666,0.17272228983801277,0.0
0.231417275463214,1,0.8352930058748301,0.14336285518582165,0.0
0.1993876613576543,0,0.8963494722277595,0.23392225130750352,0.0
0.15513728142570843,3,1.2650552180874075,0.2941336055587741,0.0
0.20379022790968632,2,1.1654230857131536,0.13514304916736516,0.0
0.1661419144243944,0,1.0315948624502904,0.21942332400310066,0.0
0.24875598667088758,1,0.7456161997774554,0.18483701114919524,0.0
0.19264713092489308,3,1.0422793134941317,0.18933774434893297,0.0
0.15872514016037442,2,1.2125314581575053,0.15082945602556289,0.0
0.18393070791735033,1,0.9248732668468929,0.2650269751322838,0.0
0.22064657271378124,3,1.2702228179973432,0.1970511208294482,0.0
0.17181377235980128,4,1.2585490579036414,0.2086811704396528,0.0
0.15888898022167844,0,1.3327465664286948,0.16095218255946514,0.0
0.21218436057459564,1,1.0610486253062705,0.13636169313338994,0.0
0.21224832855543616,1,1.1174783399612025,0.1171820776405641,0.0
0.17465284123144353,2,1.282837457666218,0.2428238281849832,0.0
0.17644808471908388,2,1.0894787874137952,0.1392468563375711,0.0
0.21160249686788182,0,0.8997531784419575,0.23801507083775955,0.0
0.1275957829251338,2,0.9102914326944277,0.17807528920939078,0.0
0.12962681128117226,0,1.047710990754748,0.1831549601979303,0.0
0.1640777889373782,4,0.7418877156107562,0.19383549921855434,0.0
0.18932764241440764,1,0.9713482169271614,0.17354170162550864,0.0
0.21554537827990025,5,1.2193094236460507,0.12012399544451802,0.0
0.2737678108474776,1,0.5617492297669437,0.16192636200056915,0.0
0.24288298116010099,1,1.306896420358903,0.23274687213878767,0.0
0.19200307350182866,0,1.2244748437406319,0.23315688029377418,0.0
0.19904918960486556,1,0.9080470768339047,0.15724486144799887,0.0
0.14987353176810958,2,1.1086781655743618,0.19202052531153757,0.0
0.1990743432003805,0,1.0006295453812653,0.1386894456023875,0.0
0.1855670680539931,3,1.2459980736877365,0.14207441630596715,0.0
0.21613592801690448,4,1.1965366285539882,0.10460941768132148,0.0
0.15863845282238387,2,0.7199858553633982,0.27934930998154894,0.0
0.22596732571205863,5,1.1174524826928354,0.14214133301498125,0.0
0.2766369456501289,2,0.9588744292713505,0.14550677538729268,0.0
0.19456199257715712,3,1.01656651410362,0.15592028652902637,0.0
0.22008558610494708,1,0.8543656198060369,0.1254816143390858,0.0
0.23450719958555563,2,1.349627413824167,0.22785257663627256,0.0
0.1799389764057082,0,1.2080123639805151,0.11502859063551732,0.0
0.21120462409052085,3,0.8520457672054065,0.12684048526527006,0.0
0.20062962003908977,1,0.7330778786179535,0.22895134531801856,0.0
0.2048838049274416,3,0.9228654738044304,0.16793212409628855,0.0
0.16134951080722668,3,1.0869005292182612,0.24158956534023782,0.0
0.20122550871294714,1,1.0480411687892446,0.21148494893402842,0.0
0.22489991456227248,3,1.2506265649536488,0.15120423461230262,0.0
0.2725571803897521,0,1.1579839444361704,0.2301655900978656,0.0
0.24796354130426035,1,1.1939138051505813,0.12325473605857613,0.0
0.30765912287557784,0,1.0653710801220875,0.20728207661600606,0.0
0.16163262185559754,2,0.7221402539578019,0.18742962100900692,0.0
0.24361603183603392,1,0.9608602937706197,0.15357471656348815,0.0
0.2091671002869176,4,1.212017947981733,0.2208009995479,0.0
0.30949014666088365,3,0.9896954142950708,0.2742667184680565,0.0
0.15958508573224245,1,1.1006180737247493,0.29978093995261534,0.0
0.1580139078909612,1,0.9362503369507734,0.22155255374868488,0.0
0.1700303677277989,4,0.794037630291631,0.18094117486583403,0.0
0.09380521378450966,1,0.9753311871907779,0.14504142004324033,0.0
0.17371224891596196,1,1.0618094886065308,0.15141921787902235,0.0
0.1620433669223151,1,0.8688624561077113,0.19589099562995313,0.0
0.2075196893238104,3,0.9528577510286663,0.17345554025614185,0.0
0.21708779878885798,1,0.8121073516028035,0.28276290452498887,0.0
0.2938085419607943,2,1.2238489835128192,0.1736590935311419,0.0
0.24752119190930252,5,0.9411088484823932,0.1746889182290871,0.0
0.17115481721687986,1,1.2905511090252366,0.17670690248679538,0.0
0.1550792664325821,2,1.3057495701081816,0.2673240420735316,0.0
0.2245959585753253,5,0.9837908070556513,0.23015766416938035,0.0
0.1339883396489679,1,0.7983102534905301,0.22283377006377852,0.0
0.2915729382927177,4,0.5828204244533326,0.16682860447677245,0.0
0.25897200603606435,4,0.7055925853946416,0.2635808353664879,0.0
0.17654121739476478,1,0.725233035020268,0.10767277227114024,0.0
0.11434327354545613,2,1.275693925492301,0.2741594344676226,0.0
0.2676936187082707,3,1.0231649174453892,0.20254997995878593,0.0
0.1942730077373691,6,1.0779209048183975,0.17965004697268255,0.0
0.2618908155986731,0,0.5559157982129748,0.19943345614353714,0.0
0.12027861706028165,4,0.7604067141565477,0.2334831061067662,0.0
0.17003124885231136,3,1.1774159552892574,0.10255308530357948,0.0
0.20026218498590917,1,1.0573548224765172,0.27431037129164954,0.0
0.20234902968823712,4,0.9705589442628806,0.18934790506227855,0.0
0.17749672642603784,1,1.1129684717200246,0.16859330394001565,0.0
0.23114249661737496,2,1.327159561227163,0.12764911312681143,0.0
0.1466189785308703,1,0.9557915072925899,0.18789307487168844,0.0
0.19288102574893534,4,1.0138739605316138,0.19926455425687578,0.0
0.20601478158559494,3,1.038519383746261,0.18072933889869555,0.0
0.22572194170293747,6,1.4784219270547985,0.23573201876537941,0.0
0.2355807439044445,1,0.5801287471161949,0.1841793057518452,0.0
0.14376789540810656,2,1.1366446029577615,0.29228351556931464,0.0
0.1232942914632189,1,0.9770395502481872,0.21985550356471836,0.0
0.26388384109492546,2,1.113354345236836,0.2614955871303818,0.0
0.21661570059897958,3,0.8685254892010551,0.12187118062189578,0.0
0.16257567317217234,3,0.9902069938283099,0.17945825858918113,0.0
0.2775575987761262,0,1.142282115893099,0.16736954028943055,0.0
0.20578373171464295,1,1.6225820402087683,0.21389647762731834,0.0
0.25896485920319134,1,1.1616072378804143,0.2722227040122851,0.0
0.20337592407050545,4,0.8303868803938983,0.11566764355240133,0.0
0.30303739624409937,1,0.9152480635954594,0.11451495960894216,0.0
0.28776704212216025,4,0.9093171783232292,0.2700635416315198,0.0
0.18755179257604634,0,0.640871365473997,0.14257001720767148,0.0
0.2485785475477178,3,0.9339819616597126,0.23375065088996275,0.0
0.23226879747925738,1,1.146565816364349,0.20857562647216105,0.0
0.2684315778766174,2,0.745153576184641,0.2665787189774459,0.0
0.1517538269709948,4,1.2096965302101186,0.1250177819672807,0.0
0.23430257299992197,2,1.0975549642168676,0.12595659314452226,0.0
0.25292122434247943,1,0.8531533356057924,0.2113636720556615,0.0
0.1120630256788443,1,0.9716940725324306,0.28927573067167417,0.0
0.14083707436671125,2,1.3196643615282067,0.18299955167415086,0.0
0.09803839111199497,1,1.1467095627011732,0.16538842005093898,0.0
0.18652965827777213,2,1.0017567309796296,0.22133786463957716,0.0
0.23587711278979812,1,0.9524633366078031,0.28608972010900624,0.0
0.2751178526048014,2,1.015321814090332,0.26738556656892476,0.0
0.20370473902098876,0,0.8976472884115393,0.29909672214664396,0.0
0.2814307772785646,1,0.5790500988561971,0.10451371664047543,0.0
0.13099492708925542,4,1.408435582106946,0.12257162894255245,0.0
0.11483087803224228,3,1.0310649998398802,0.2218935526733244,0.0
0.19722261505516908,2,1.0796294530245074,0.26411528786676997,0.0
0.21920327244696539,2,0.9884184500246183,0.1570488684613533,0.0
0.19836526259529536,1,0.8529766398550824,0.14784221760684374,0.0
0.09662789499800617,5,0.9628151038102458,0.2573951598762402,0.0
0.1955439980243606,0,0.6801210475611377,0.11127637077064632,0.0
0.13477652497475734,2,1.455417299610661,0.17387652951651703,0.0
0.23348362744150195,3,0.7530976003155208,0.20116184451846594,0.0
0.21832991230484242,1,0.7936067432305641,0.2120697348700647,0.0
0.15300601068363223,2,0.9119481591227199,0.24572303135855536,0.0
0.17430665413316532,4,1.2576151449704756,0.17096914468613164,0.0
0.14703932390555244,3,1.002901799852531,0.22253686893492142,0.0
0.19686604513634143,2,0.7527728407939075,0.21707508455819124,0.0
0.24775711602506192,1,1.250867672151468,0.20952322013074942,0.0
0.15071369768322282,3,1.1462001253570964,0.22809665862844244,0.0
0.22520232577589222,2,1.1076869914432905,0.15188983421361527,0.0
0.17348711908137798,1,1.143146848234168,0.1169297507169258,0.0
0.1603563583868828,0,1.4788723801164902,0.12385433440794869,0.0
0.1946484820022721,0,1.4370189790072225,0.1449164765307802,0.0
0.1482378838790313,2,0.862656931399341,0.20003958710455705,0.0
0.17231753473264091,0,1.3247769985622304,0.268088550109204,0.0
0.1401061053705576,1,1.07663363795178,0.24025866841767682,0.0
0.2982362566458195,0,1.0998191632275498,0.2578081208404094,0.0
0.20176317759858645,0,0.6615458336713342,0.17019512478521828,0.0
0.16501372460037073,2,0.9659228469223609,0.18093074832971004,0.0
0.21069899553671112,2,0.837435281932687,0.17873637719812258,0.0
0.19438359751545853,4,1.1656117629786618,0.1383746368809003,0.0
0.18895152002333887,4,1.2142161000805611,0.11224333162871442,0.0
0.23070833500217128,0,0.5851027297967377,0.21818321856544537,0.0
0.23787538550236526,2,0.9955930271991459,0.2978433366841172,0.0
0.17347494261947363,1,1.2243723009588505,0.13336594099005256,0.0
0.17120908796776602,2,0.962664207537311,0.10933696397985476,0.0
0.1862474151424178,1,1.145812729000473,0.25590633636478655,0.0
0.08490394176322076,0,1.0702330935254167,0.15051720133694485,0.0
0.1242404468900724,4,1.0683320463905253,0.26592876107058566,0.0
0.26834371337222623,4,0.9457370043863405,0.2407873334069031,0.0
0.2822483856750642,1,0.7566838391728581,0.2891347074101609,0.0
0.1875481980221811,1,0.7756939705149946,0.1817854471513344,0.0
0.22882784815278834,3,1.1418705028910634,0.2323939678901268,0.0
0.2155625077271768,6,1.0038916511037765,0.19297095616265414,0.0
0.3539440404227619,1,0.9722975510785551,0.22611773946170868,0.0
0.25597874557172884,1,0.9152219915355295,0.18991978120154746,0.0
0.19360412042596167,3,0.9389622309038497,0.13772644928481498,0.0
0.15222297796997872,3,1.2093823588976278,0.20157948320067617,0.0
0.11967768398712138,1,0.9329511836263946,0.20571684028748846,0.0
0.21017318179336117,2,0.7317870573396863,0.26212076965203224,0.0
0.16218246273578485,2,1.1487303551080346,0.24710414115871623,0.0
0.12888731452011631,1,0.9590246672270566,0.2327583247882888,0.0
0.16767135578787368,2,1.0062791731065552,0.12267741911051451,0.0
0.14592259981928027,2,1.3215156612799022,0.244123258132743,0.0
0.2843570817536283,2,0.9958878885298985,0.20006103127090297,0.0
0.24408198784747254,2,1.0578367346237452,0.27881990722123184,0.0
0.19960136793416913,2,0.7642153017403349,0.28397418682610853,0.0
0.2739972069445013,1,0.956066109529808,0.1110313181203571,0.0
0.20386841538238093,1,1.1219052090417203,0.2641283120708957,0.0
0.1569357899335868,5,0.6889252532317516,0.10753947808453412,0.0
0.2761562038634829,3,1.0401690186231418,0.17343392513900452,0.0
0.22694550218423296,3,1.0201582145289612,0.2084599951242158,0.0
0.14813769228367718,1,1.008257491117488,0.12962015972542548,0.0
0.1904830660958196,2,1.2074317797316487,0.24926276251381535,0.0
0.15621908733076215,7,1.0668877029697044,0.10167094083442772,0.0
0.13086001345178322,2,1.295614379671289,0.13371980968680736,0.0
0.11852355095063283,6,0.4006410484405964,0.5161593659706951,1.0
0.13818833280940263,1,0.5135924567218348,0.5428775124074585,1.0
0.07202864852361718,6,0.5084466786389947,0.5833286205387832,1.0
0.11125938473381142,2,0.393074550624492,0.5410993303869247,1.0
0.08698714861756346,4,0.5956295002091346,0.5343558540509732,1.0
0.09025749232470609,5,0.7324673305852818,0.47886822927013284,1.0
0.08815212151522261,8,0.4982993925516169,0.4002568851053603,1.0
0.08272018460640368,4,0.5505021088273767,0.42403185174712443,1.0
0.10097043255889654,2,0.5084518475815327,0.5069109089512078,1.0
0.08338099767177926,1,0.4286415330092824,0.5350259771688839,1.0
0.10540913651559679,8,0.3179239722197984,0.4834896567792925,1.0
0.09899523781101727,8,0.42942265169046345,0.546135802305678,1.0
0.0952210390626718,4,0.3608041619048269,0.5043724590664358,1.0
0.08184872675916804,1,0.6704102078059118,0.41483523911886244,1.0
0.08846457338863335,9,0.48848903060767607,0.4384032501935898,1.0
0.11510782451651513,4,0.46540806709528293,0.5679996446487886,1.0
0.11001834375248762,2,0.5889153824787806,0.5449825493248879,1.0
0.08044889510402899,4,0.3878248897144112,0.578952397402499,1.0
0.10198664610858452,3,0.4233135961995448,0.4235114498241873,1.0
0.11502774246743579,8,0.5068072269248621,0.5980445069230147,1.0
0.06661189437757256,9,0.6028768991423481,0.44188134278998675,1.0
0.11086720384759871,4,0.5501685045168788,0.4023559752573284,1.0
0.08674752482108307,4,0.5248325142515882,0.5994845878107108,1.0
0.11141197337186319,5,0.5078117735236016,0.45621477708902264,1.0
0.08473481686914967,11,0.5400235855526775,0.533603890502512,1.0
0.06390235798670962,8,0.5201652905129255,0.43533646283526106,1.0
0.06744915124233675,6,0.3970027725223064,0.5160457064398284,1.0
0.10096169893322765,2,0.5046079221633152,0.5808069972909118,1.0
0.10519445003442965,8,0.39263113410822476,0.46403623348568773,1.0
0.08191366749791183,7,0.5081082542900823,0.5340507952088718,1.0
0.11277184917554749,6,0.45193520585117586,0.4375807177596833,1.0
0.06676959875462081,5,0.7539381622782861,0.524959079743745,1.0
0.09867840402705368,3,0.4960105616248288,0.467290070363502,1.0
0.07577967600475087,5,0.3595760433738411,0.44224165171759033,1.0
0.08696327784395683,3,0.48658197893230754,0.46263641014072704,1.0
0.10094797342632829,3,0.5519358745637888,0.4357682137015599,1.0
0.08279173269432095,7,0.6673363946152524,0.5803832215675766,1.0
0.0923088891154035,4,0.44105476000612814,0.4794373772634258,1.0
0.12012585618428881,4,0.341757202597636,0.4490558609948735,1.0
0.08846216260953703,6,0.5816837011430981,0.4896815682031866,1.0
0.11671384224130285,6,0.36194012941003484,0.4641072333612991,1.0
0.07740586290684764,3,0.45638445584925147,0.5488838507626652,1.0
0.11059608355830566,4,0.4742379514489006,0.5942439823770989,1.0
0.128831372413158,6,0.4930366546699892,0.48760673133952936,1.0
0.050567109997454215,6,0.5689164457074336,0.5722066799944481,1.0
0.08406209489059047,6,0.4316365717713612,0.5131726147119239,1.0
0.11154144254361081,6,0.47262707478332394,0.43144713301884674,1.0
0.09593909227914016,3,0.49857296470506113,0.5381245484162683,1.0
0.10742291746742619,5,0.5149597957518788,0.502686899425164,1.0
0.0879202962656836,2,0.5097827174707923,0.5301213046504207,1.0
0.10173179574945801,5,0.543600577522258,0.577937482514333,1.0
0.09688645529215842,3,0.5843839509641737,0.4880869141312092,1.0
0.12335564123319614,3,0.5392634115650968,0.5802355246434712,1.0
0.10508841686602427,5,0.5453585523509219,0.550133802856331,1.0
0.10675205324150405,11,0.3417776833253522,0.49772098517559693,1.0
0.09176246067755066,7,0.505022769916568,0.5206444271315928,1.0
0.09024787551855014,7,0.5479507548001609,0.4651162265038023,1.0
0.09134883624360758,4,0.572894119457045,0.5967194599477548,1.0
0.10788904284756594,1,0.4307649225766206,0.5334702326100792,1.0
0.09158031038359475,4,0.43409607251113547,0.408769370499326,1.0
0.10579549713792827,5,0.44258993247164014,0.46532438114960173,1.0
0.1415080159729088,4,0.5536413899891344,0.5246628867518115,1.0
0.11742249406863385,4,0.6033881054924208,0.411266655559848,1.0
0.09347952935664318,7,0.4592539892708398,0.4047768382638286,1.0
0.1240242784432789,6,0.5907962313627049,0.49000484790556054,1.0
0.09183849253956898,8,0.5123479809164594,0.466538035938534,1.0
0.059237509296442926,4,0.4875714222837564,0.4876597216066332,1.0
0.07983827378165193,3,0.4788615770182031,0.45253866197600107,1.0
0.06258416157948289,0,0.5746611364602157,0.4329435493885962,1.0
0.09296973031917383,4,0.532557781678707,0.5378286713960675,1.0
0.10036836758379104,1,0.7275825427647638,0.50291422325356,1.0
0.13352874624550565,4,0.4147775357002676,0.4400308422498734,1.0
0.10653854747528325,3,0.5518101702029976,0.4639178852519997,1.0
0.09561798942382271,5,0.4470798990188487,0.5183615815326652,1.0
0.11658811162366979,6,0.4130713013011356,0.4144458696544956,1.0
0.055777293819842304,6,0.4989132862965028,0.42949060185323595,1.0
0.10471229116217132,4,0.5137352479407036,0.41464912082147803,1.0
0.11541730387773934,4,0.7918173555060093,0.5624634665428238,1.0
0.07042827508440318,5,0.4815854184316798,0.5504818466424019,1.0
0.12287508086413859,1,0.3869821270515317,0.5506625863758514,1.0
0.10676992814988828,9,0.5273010717494385,0.5432650686952056,1.0
0.09169424172198398,7,0.2925359962453632,0.5338770847339738,1.0
0.1126556373221257,5,0.4908043217395734,0.495398383075635,1.0
0.14541385715608793,4,0.501602528229516,0.5284556327014229,1.0
0.10363732510116991,5,0.5794600382945212,0.40767231095759493,1.0
0.10496441172600673,4,0.5973622249427847,0.5242928845313569,1.0
0.09081278200919513,1,0.44964303810922823,0.5555755411073754,1.0
0.08300311261070417,3,0.4849385985370067,0.5000716720768781,1.0
0.11660671633088492,7,0.4233879169389329,0.4715026656854474,1.0
0.08287832348182267,6,0.3871937445192306,0.4554853469601958,1.0
0.10143132474438786,10,0.5309894779380635,0.5285604100324165,1.0
0.09044685106469767,4,0.37264144514034003,0.5385602397259818,1.0
0.10957959651492784,5,0.45853730994281366,0.5741935199725086,1.0
0.10667324210573897,6,0.40048260401007624,0.4684668164921981,1.0
0.120750798885158,6,0.554968318629026,0.5539544614771171,1.0
0.08979967202290506,8,0.6801430099266488,0.5122711648378676,1.0
0.09460250129413258,4,0.36984120171966683,0.5765672981356158,1.0
0.08042472568435385,3,0.31469815171024307,0.5055624216591241,1.0
0.09111413479847777,3,0.48751131146499327,0.5035259656795934,1.0
0.10754600986089705,9,0.5015697795957759,0.5155754162881818,1.0
0.11513977233290704,7,0.5218659306757297,0.5498630710284869,1.0
0.0815566935164475,2,0.4553679484765655,0.5929380957656922,1.0
0.11739211840211321,2,0.4799360701174568,0.41471267084315316,1.0
0.12711275717609902,4,0.5367510410540602,0.41068692047820343,1.0
0.10826869806447402,6,0.6040430892644839,0.5875100674814677,1.0
0.13753591625116132,9,0.3044951229681717,0.5059751251036412,1.0
0.08452421601792855,11,0.4631060560968538,0.5229806029133872,1.0
0.07510690593377167,4,0.5213808793941064,0.49648472031894575,1.0
0.06442559502191443,7,0.4082023895389264,0.41873149052149494,1.0
0.12992088622978368,7,0.67311696317673,0.5536178756837333,1.0
0.11308731312708116,3,0.4364590119771263,0.5494449290177174,1.0
0.0988883065817909,7,0.4958707312992717,0.4623406642985624,1.0
0.10559937252639641,5,0.555602209684229,0.46124784904568006,1.0
0.07749021905403247,2,0.44087152111981054,0.5675682761811037,1.0
0.14891503959233654,9,0.31534269521955827,0.41447145154826537,1.0
0.10258442363950455,6,0.4571345473083467,0.5762210296713132,1.0
0.10218789589209787,3,0.602944055592704,0.4513323379791829,1.0
0.11451533247797385,6,0.46631048732148617,0.5185969495510988,1.0
0.10962018463473427,3,0.41535656985410213,0.5871988358003555,1.0
0.10447768048558263,2,0.5925672209502721,0.5356245003073292,1.0
0.08419051089109376,8,0.4669225103976947,0.4828859624934073,1.0
0.10942936714271992,4,0.4489839186349783,0.5379068417810831,1.0
0.13764048992950068,5,0.5149456089663309,0.468795927263274,1.0
0.12690840092309957,4,0.5770750209618787,0.45545168326983726,1.0
0.13186373253278794,3,0.7381713531732546,0.5993366555869359,1.0
0.0897756864713763,4,0.5827236107657423,0.5501580462359575,1.0
0.08020790359482839,3,0.6159839966388344,0.5289439954763635,1.0
0.09748426159800705,11,0.44940338010121444,0.47105792864386375,1.0
0.1011144982457739,6,0.39741318940305237,0.4098321658310097,1.0
0.12188383036941898,5,0.5062331349619122,0.40621137520703116,1.0
0.06615070740570361,5,0.5107169915259596,0.5108362510897597,1.0
0.13059100638921228,5,0.39214872586354027,0.5524065442078102,1.0
0.09683984202842022,3,0.48247054700959874,0.5074758380887711,1.0
0.09146237860105161,6,0.5399317601719131,0.568157014387823,1.0
0.07975791249479666,4,0.536039339501808,0.4066853066186443,1.0
0.06690286656268463,5,0.5504287853384272,0.473350415285188,1.0
0.1164634116792383,3,0.5290964730137443,0.44741407823483564,1.0
0.10146635934376809,7,0.44929913407299443,0.4894545936314244,1.0
0.07420078200517893,3,0.44860993733511567,0.4144752786388245,1.0
0.07409842455872769,6,0.3801048602006124,0.5908263283142146,1.0
0.09328430601419745,7,0.6784775039185095,0.4446510802138722,1.0
0.13338043050578785,1,0.5013450364619293,0.5844615550967169,1.0
0.09480817297272791,6,0.4775146944205148,0.4851786310073364,1.0
0.06993714093763788,4,0.40712079185475414,0.5971048266510436,1.0
0.09508513871828111,2,0.7935657902327778,0.5108116766920422,1.0
0.0945455286050466,2,0.39266719677771045,0.5861665728351615,1.0
0.046062267141168574,5,0.45711520743939266,0.4010697977388446,1.0
0.09891410266964376,5,0.5415836836286061,0.54964776123618,1.0
0.09538130939582645,3,0.5600212965744278,0.580610130620503,1.0
0.11392412729626837,5,0.5957932055215684,0.42794411339579086,1.0
0.1369791218989069,11,0.6807608507769263,0.4192251703464303,1.0
0.12253130059095516,2,0.5506157655460713,0.4849145214371911,1.0
0.0946222261889034,6,0.39439692000333326,0.586735781226587,1.0
0.07786948182516659,5,0.47430548748782186,0.5084773120380878,1.0
0.1514671960649972,3,0.5307832372513885,0.5054912927443465,1.0
0.10118436868028977,4,0.7068226041505824,0.4282252236598644,1.0
0.10027858583825892,10,0.3602194521575703,0.4001579022186438,1.0
0.09951749825779994,1,0.6202576505225228,0.5620280181490922,1.0
0.1039616952153571,8,0.5179914369546417,0.41751491259724766,1.0
0.09711279176152116,3,0.583783053522948,0.5267699637470648,1.0
0.08852675986239528,5,0.4898005283364068,0.5829232909030383,1.0
0.08906282117519217,4,0.41575673698736737,0.44173038263168624,1.0
0.09934493459568004,11,0.5750872779401333,0.5330545672473821,1.0
0.0891315045773247,3,0.5654431027105621,0.4157397153415019,1.0
0.08574308434645672,4,0.5972056965739722,0.5207510287675226,1.0
0.10212860455383795,3,0.49866953646213646,0.43278634419064055,1.0
0.0949004556515829,3,0.4400177976680151,0.5471907121030356,1.0
0.1300798597716538,8,0.3441213004976158,0.46024625895878163,1.0
0.04698060383213976,1,0.5819373268139406,0.49267820176092925,1.0
0.12183013703844925,5,0.5423889482443986,0.5198861084055243,1.0
0.12492170384995259,7,0.40342173671360404,0.4342546821332479,1.0
0.05853219535183701,3,0.4461426326703376,0.5483275637235242,1.0
0.09314624811839303,7,0.45332411880485596,0.4605280681273629,1.0
0.09257118268008417,5,0.3517015568017582,0.5324743719825507,1.0
0.07184976610564359,7,0.4182317603394866,0.4316566101398748,1.0
0.0844436662481825,5,0.3866169643193646,0.5376235318412701,1.0
0.07778848309068342,7,0.4587520988112063,0.42563761456209237,1.0
0.13504540886847247,5,0.4261302501670437,0.4850712992539967,1.0
0.11871356786294923,4,0.3372995079133251,0.4494412147477754,1.0
0.12543110189988319,5,0.7022590230569481,0.5496750498856365,1.0
0.1144334412808647,11,0.625254073102923,0.4524070009013749,1.0
0.07741896457565542,7,0.4220980578480014,0.5763434612790792,1.0
0.08950959467440453,6,0.527242139665361,0.5783640422813225,1.0
0.10978749122455837,3,0.5417465089821295,0.4392882630445572,1.0
0.07555744382216109,0,0.6191085854773477,0.5227691890015449,1.0
0.11425996860344777,10,0.41813949733399214,0.4175435283439929,1.0
0.0951934920368373,5,0.6092106783982426,0.4783074199203258,1.0
0.09250358384900806,5,0.4452094695793065,0.5426643459002545,1.0
0.11421919936406984,3,0.36641375958313865,0.5318846493699833,1.0
0.1088852662297208,4,0.5724136559314498,0.5249401338813215,1.0
0.0927806766836184,2,0.6290758424122428,0.4565081727324887,1.0
0.12318659606728496,2,0.7587908973530685,0.4756049898868804,1.0
0.07837873344800206,7,0.38002747349097865,0.42058922894005724,1.0
0.11231871213888528,3,0.5698919685080789,0.5438045640867202,1.0
0.11186202515936768,1,0.4590198756206467,0.5007777593582547,1.0
0.0938090712137202,3,0.5783358710524031,0.5417531264691309,1.0
0.10652266044484236,7,0.3529510448768749,0.44978870495937456,1.0
0.07497772847229395,5,0.37372302243014355,0.46488764572701324,1.0
0.11848054038413802,5,0.42241251768335164,0.4668430674520229,1.0
0.09630195727114023,4,0.5078964045668084,0.40514848194944325,1.0
0.08954553958961922,5,0.43589187334616447,0.4682095745661247,1.0
0.1209801845167378,5,0.565905434391342,0.5606609147036067,1.0
0.08591312618914482,3,0.6026894618257914,0.5794596991499477,1.0
0.07183077407272881,3,0.5599577541245355,0.5036436631271854,1.0
0.06886741652952193,6,0.6618787639660868,0.49110033904384404,1.0
0.1121201990269128,6,0.5415826629455343,0.40616492373987406,1.0
0.07439141295007434,4,0.37831032896598327,0.5758408675170765,1.0
0.1350958836396873,9,0.636337651353834,0.4026020426851746,1.0
0.058361411842325565,6,0.43948437643940025,0.5889500160420423,1.0
0.13392912736580076,5,0.591041849968557,0.4978432497376181,1.0
0.10422034934405237,5,0.6573734216555106,0.4683868987149453,1.0
0.09806573776259216,4,0.5456688010730399,0.5848436869685321,1.0
0.08910161826382101,10,0.35038411868353503,0.40487819862201935,1.0
0.10798272228704142,6,0.40817878334902086,0.5162849789738174,1.0
0.09924730595150304,2,0.6322744466885135,0.5097865048998675,1.0
0.12206603764033044,4,0.48308773143571837,0.4438640802422764,1.0
0.1022845529732408,3,0.5079573534942166,0.48577748627004214,1.0
0.10300603522923756,2,0.5758824416163609,0.530452801188754,1.0
0.09272775575572288,5,0.5696322862080323,0.5454262393763855,1.0
0.09886108752557865,6,0.5278799812385461,0.400143371741316,1.0
0.10615603537784118,5,0.47913316287795343,0.5873706860182031,1.0
0.06579663214686748,10,0.46873315542676425,0.4329050744785625,1.0
0.07303629155788574,5,0.5857898825291343,0.44671608684447184,1.0
0.1148652818804543,5,0.5553569531067793,0.45269468913876965,1.0
0.10341730876255885,4,0.47426999993822105,0.4075640273104071,1.0
0.09632033327294642,4,0.6082112312993141,0.424610424718065,1.0
0.10036867866130787,3,0.48709658848702164,0.5972699845888324,1.0
0.10695163410723342,6,0.41483378256656067,0.4630433474754572,1.0
0.08920480639381277,4,0.4241029301096655,0.4230602180678099,1.0
0.08443390549195376,2,0.4021259163690234,0.42139825223492466,1.0
0.10391690510195364,9,0.4727589983396313,0.5438919935339943,1.0
0.08043254444769937,5,0.6233724278336193,0.5709137328065281,1.0
0.10816505511428945,9,0.4194904818969491,0.45139045990169396,1.0
0.06594832791524319,5,0.5188475761018103,0.404181902467047,1.0
0.12058311274651287,5,0.4343310654372587,0.4446180036890712,1.0
0.10945194964826087,1,0.47396909587285624,0.4113031381593515,1.0
0.10512059468627752,5,0.34899587880147476,0.42067898732600834,1.0
0.11965381967891028,8,0.4779461770843463,0.4863016239695285,1.0
0.13330948888925154,6,0.4806294620195038,0.44598367417232654,1.0
0.12028740130036261,2,0.5540287944035696,0.5031891757050847,1.0
0.0631825153733671,5,0.522328091325537,0.4506987506514381,1.0
0.07440846066528597,5,0.3801607875047955,0.5881074602205896,1.0
0.08750362844608643,4,0.6084198244043543,0.5811887935852529,1.0
0.10052182100421668,6,0.5210303040221995,0.5133612210020932,1.0
0.11035318040938247,5,0.5198393517177486,0.4708847983974772,1.0
0.0854851237369307,6,0.4990817646614861,0.4762293764069471,1.0
0.10373533528954157,5,0.44822425527777804,0.4823704566288994,1.0
0.08489234135293355,4,0.5217802339748726,0.5455158644269889,1.0
0.08776964394016104,7,0.5475588435928582,0.49032779910376756,1.0
0.07186677806303556,5,0.32531043086544453,0.5713459893011794,1.0
0.08153533507778192,7,0.44612391626539044,0.5888189571860729,1.0
0.07296630788767333,6,0.47450530295964105,0.46718923067578677,1.0
0.08048253494045335,4,0.5256170605694278,0.512138896275136,1.0
0.1210728359321568,8,0.6193311005927126,0.41901130736651293,1.0
0.08101202222336115,4,0.42282591854032175,0.4400938095532718,1.0
0.15264764129674782,3,0.4502038153182158,0.482693153342032,1.0
0.1098663580176178,5,0.44874658893534497,0.44124054318035577,1.0
0.10369672247389748,10,0.41984724098954584,0.5753120981577435,1.0
0.08283284439637573,6,0.4652813504887737,0.43165725121181964,1.0
0.11400619758817983,4,0.5770802219987972,0.4911321643106184,1.0
0.08848724347524453,3,0.3946164504635654,0.5211398480919751,1.0
0.10244019629290724,3,0.5427814395152903,0.5383727816321688,1.0
0.1512016907653759,5,0.32980977699816644,0.47661387394530136,1.0
0.098078802005507,2,0.4438662003557794,0.5738198137449457,1.0
0.12298546652571352,6,0.4670510699782014,0.5136638302155851,1.0
0.08593647149748226,2,0.6674859672914065,0.48790155608951036,1.0
0.09930023019006078,5,0.4725197695247312,0.4134481268104073,1.0
0.1354160127127102,2,0.27987565265490816,0.492937893689033,1.0
0.08746065884424466,6,0.30011110931387497,0.564147168163146,1.0
0.1362489711599386,3,0.5034029586346681,0.522908203644263,1.0
0.11415503870910951,5,0.5613770855789909,0.5664324907458237,1.0
0.08875066448211465,2,0.5375455857627253,0.49880233411986113,1.0
0.11264815478111043,6,0.516757010580099,0.4236923410188964,1.0
0.11945108899253461,6,0.6162259597505667,0.40272796916717624,1.0
0.11243619924434393,7,0.4460408779262868,0.46064390934371824,1.0
0.06859550560219088,6,0.5894910556026826,0.5395980942995585,1.0
0.08545725648350264,6,0.3367985114973583,0.5580519807883387,1.0
0.09504962728896992,4,0.4095052167061934,0.4591505669240659,1.0
0.09851133141799907,4,0.31929586050681835,0.4991307841766494,1.0
0.11241344195101356,7,0.4725154699330208,0.48422378088681634,1.0
0.10355402001866508,5,0.49537387827336576,0.4821045568702856,1.0
0.07329311282579798,5,0.511410149222652,0.4462697426400301,1.0
0.10760395702011927,8,0.5061883352887135,0.4272742210058917,1.0
0.11221171490567647,4,0.4072446669188272,0.43933771164624263,1.0
0.1111958089586208,2,0.4809759155586784,0.4110664774326692,1.0
0.12161561451109244,3,0.35025533313942514,0.4396261483647154,1.0
0.11667844309097808,4,0.636322897513225,0.4018401795250759,1.0
0.10918360158456875,6,0.4696373927101999,0.5254516801271957,1.0
0.09859668577082706,9,0.4511113880956309,0.4632750814775366,1.0
0.06678078132968018,3,0.6588940328444083,0.5946289422853817,1.0
0.10859236438265173,5,0.37577534664507706,0.4387434101552596,1.0
0.10415375374326223,3,0.3874412885968031,0.46916571406191876,1.0
0.10543157674390748,2,0.39037796751314346,0.47156823172830664,1.0
0.07446502848359382,4,0.4932128618300518,0.4016902992124921,1.0
0.07837886919183476,9,0.5431631629637598,0.5678415906078917,1.0
0.12106305706665807,4,0.5739675468117834,0.406398892028865,1.0
0.0992088969228669,5,0.7571995317494968,0.5880359669458483,1.0
0.1136300139474525,8,0.2750567545799236,0.5784148702187242,1.0
0.10056636752260922,8,0.5608735589124417,0.5071043832171928,1.0
0.1005951227899149,5,0.44428694274277686,0.5087191149822584,1.0
0.11876567611951996,3,0.44135848511112263,0.5307555845912313,1.0
0.08967910543565252,9,0.43802278717461224,0.4774100023869774,1.0
0.10192241553881967,2,0.40912303291920266,0.5294444566795711,1.0
0.09075449422589915,8,0.6684524834603451,0.4089536777376974,1.0
0.0913100754513537,7,0.5842297327013903,0.4108095254699453,1.0
0.09381655753062722,6,0.5023195978557374,0.49144608392390887,1.0
0.10444267543267426,9,0.6351015752487,0.509924460221207,1.0
0.09042502756673046,3,0.3487471034701124,0.5775635280671638,1.0
0.12511512251147042,6,0.3669294868669074,0.42093212678157926,1.0
0.08210785395560993,7,0.2822032267805312,0.5645295854387778,1.0
0.09626256711677282,7,0.43005854598767124,0.4420094674584139,1.0
0.0912053788345165,5,0.5161698526704753,0.4788167297020064,1.0
0.12893955768707466,5,0.5102858577932334,0.46332048696548256,1.0
0.1039310955302315,1,0.514934191105988,0.4800310545730798,1.0
0.1206368907893727,7,0.3588943168933918,0.43009909961451714,1.0
0.07028879253926057,4,0.5803154742614022,0.500714014880711,1.0
0.10534100531738519,7,0.5239627518238998,0.5603285179662735,1.0
0.11779261591246874,5,0.5733054281465999,0.48830680207577937,1.0
0.1016456797855085,5,0.31072378224099484,0.4981227151796398,1.0
0.12130960750130704,3,0.5311490858797789,0.5697535170562629,1.0
0.08965423099799257,5,0.3812234760082473,0.5412116229276062,1.0
0.1281869488037116,5,0.4602676747448638,0.49809088170395693,1.0
0.145977962472385,4,0.5534364898636384,0.45153912963783593,1.0
0.09274322879120682,3,0.5091093606255913,0.5769853493689934,1.0
0.09108994957198457,3,0.4148460020220681,0.5154040803381117,1.0
0.12906768954235404,5,0.5006273156184419,0.44422952202213867,1.0
0.13159144291461425,10,0.3468464684756357,0.4538239505276021,1.0
0.08954279945693464,2,0.6150267395898297,0.5606266177872492,1.0
0.09159626365808286,5,0.47947159805037487,0.4088291124174911,1.0
0.09436430782278986,3,0.6118549944255326,0.598418437405764,1.0
0.07311098977931446,4,0.4473468312903957,0.4260703359429584,1.0
0.08162696107031604,6,0.44764240115934173,0.5592137050793875,1.0
0.07991718466495865,3,0.42358132133621534,0.4789550633543366,1.0
0.08464404869791743,4,0.5876173931693075,0.49844323665749335,1.0
0.09930630225226438,4,0.4290568842671524,0.5761301154929156,1.0
0.10468429465073043,5,0.5644595432415176,0.48258223791784266,1.0
0.13101000985628153,8,0.461754760233071,0.5074987507346469,1.0
0.08003291918522418,5,0.302403670010838,0.409859932481834,1.0
0.11968644796953168,6,0.4429685932213534,0.40046949477349064,1.0
0.09572022311548983,3,0.38208917856371516,0.4489599746003452,1.0
0.09901072580695135,4,0.5033902723682337,0.5361166185837535,1.0
0.11349638984333207,5,0.380959226432551,0.4242529786718274,1.0
0.07754555956875403,6,0.5925975100714617,0.4227523917609099,1.0
0.10764819492368102,7,0.4908924139646973,0.48219212160718067,1.0
0.10332904416426113,5,0.4822404005241261,0.5295674077216452,1.0
0.10984902528016299,2,0.5655892137787583,0.542414398449586,1.0
0.10578337287815637,6,0.5963906934075862,0.435690134819675,1.0
0.1491060027982179,4,0.49799012482303484,0.4159176294744085,1.0
0.08724520031497368,2,0.42287997004507094,0.5880794067891089,1.0
0.08938006089996366,4,0.322603038388787,0.45213327651242036,1.0
0.08753718947150471,2,0.431395024296482,0.5706692995217447,1.0
0.08889045761679491,3,0.4382787753352038,0.5726982900925637,1.0
0.08725225745386965,4,0.5107057452992296,0.5545045183525089,1.0
0.12378033062215105,7,0.4654853118861973,0.433766721330514,1.0
0.1284100849597971,5,0.5687932972051428,0.56436029185084,1.0
0.08858507412501047,5,0.43870167287293105,0.5538501118483173,1.0
0.08335288853791543,7,0.4942958833147058,0.5193445980212434,1.0
0.10942831112772809,9,0.618398744319689,0.46744040703379053,1.0
0.08895553911438057,7,0.5341825213954966,0.4525017208533088,1.0
0.11265863635511023,6,0.49399624583114354,0.4243778424160718,1.0
0.104058460417026,6,0.4398055558064823,0.5019514133801742,1.0
0.06968511770005537,9,0.4366768603285023,0.5170521751019693,1.0
0.13095010402660123,2,0.4149386747048052,0.47186779810315743,1.0
0.13591755346191045,3,0.4458993134217101,0.4950718135361737,1.0
0.08774422619031227,9,0.5755665838744315,0.47270289147385336,1.0
0.09224596880128032,3,0.4778111728707731,0.5282012114641402,1.0
0.1057173078144981,8,0.36502269306187685,0.5802518415593126,1.0
0.1066891357997405,5,0.6768169293059784,0.432784052409389,1.0
0.11317088545345662,4,0.5319965191145163,0.47628176198062466,1.0
0.140204090775327,9,0.359305659948683,0.4281737207901723,1.0
0.09646105545011902,2,0.4558151072759176,0.5249887540815664,1.0
0.08403405510923093,5,0.5110886382828418,0.5457741018977191,1.0
0.07241361543970946,10,0.6704592093297377,0.5863825465194912,1.0
0.08538139920116163,5,0.3891887541741131,0.455774385252193,1.0
0.09933746054252407,4,0.5976040719355946,0.590042241173086,1.0
0.13589115727035575,7,0.6399486426972343,0.41265253436413496,1.0
0.08964777401927658,3,0.437134569492543,0.5206027726729177,1.0
0.10447575903277798,6,0.47224863811397666,0.411426543868666,1.0
0.09967154207854496,3,0.396369075262623,0.578754837552389,1.0
0.12376786546896168,3,0.4796538858919695,0.5059618114140109,1.0
0.15053864851747245,4,0.4963410025657069,0.5338696701525592,1.0
0.0893826245415936,1,0.565964999808237,0.5663147851820904,1.0
0.09021121114963557,2,0.6090183471020447,0.43006212449679376,1.0
0.12088321754138145,4,0.4251903935378353,0.4077183123876268,1.0
0.11363782979252623,5,0.30326749357740057,0.5757762291825704,1.0
0.1369341465147207,8,0.4978755220723758,0.4629866454917865,1.0
0.11167856370651928,7,0.529353752996864,0.4257957815854331,1.0
0.09281415818425881,7,0.5249417687685042,0.4936922474174173,1.0
0.1118130966138462,2,0.4673326752490956,0.5196612151392037,1.0
0.12217407161165816,6,0.5124752099663934,0.40619412068450206,1.0
0.11640964362394729,8,0.6515444808352248,0.45497913165141757,1.0
0.11014548062214596,6,0.538173416896251,0.4065599748553792,1.0
0.12133349379178308,4,0.46266315749969156,0.4840670778390998,1.0
0.12338591180891346,4,0.4499802182904004,0.5790200058132489,1.0
0.12764317982075055,4,0.48301476423222695,0.5965304822987139,1.0
0.11297419775179286,1,0.663673996183064,0.5274095107007255,1.0
0.09665763839366291,6,0.48166992904738026,0.4323275387569184,1.0
0.10293427372866647,8,0.49802056554792923,0.5811698779998611,1.0
0.12413017933016715,7,0.4517686429063697,0.5032495646400121,1.0
0.08366128658025529,7,0.6098983357441965,0.43074986242058366,1.0
0.10737346617745804,6,0.6959837254744675,0.5843453338903323,1.0
0.09213322375345279,6,0.5450613049431389,0.5514938101446206,1.0
0.10057489645869636,4,0.5082772903785425,0.5463410545446303,1.0
0.12556903725214597,3,0.5036782833174235,0.541836140758881,1.0
0.10382198136039807,6,0.2615693211214254,0.4400679642192885,1.0
0.10092873096312298,3,0.5745150864284817,0.4422013383415052,1.0
0.07280287718040163,10,0.5134166415995843,0.537658599685451,1.0
0.11492507132054441,5,0.5428342050660725,0.4439445500220794,1.0
0.11290968362282151,6,0.4288537805916295,0.4877343393606098,1.0
0.14326509446610922,6,0.4615543121022908,0.5564003651187883,1.0
0.09384443530093999,4,0.4588975063496827,0.5567905036195682,1.0
0.10438300655327878,6,0.6021622984073038,0.4906523545051719,1.0
0.1049876736742151,5,0.4621240163396907,0.558437987655049,1.0
0.1315490655952695,3,0.7082660322109797,0.5677243592396113,1.0
0.09809408935226097,2,0.5430862419015038,0.530955150256852,1.0
0.10558043051540679,3,0.37243173400042684,0.44568517046168404,1.0
0.11215793019433079,2,0.4871453706748043,0.4548023560771095,1.0
0.10373218246312717,8,0.43483248778435846,0.46296823108174706,1.0
0.09107132770898944,7,0.2805617530179976,0.42336082154679044,1.0
0.10388179985796615,4,0.659947094011379,0.45463192407398906,1.0
0.12147263499719545,3,0.5703142542220004,0.44190384486250645,1.0
0.07946969401177881,3,0.5533207317899312,0.4910657499617204,1.0
0.10265939348293752,6,0.5165403660299704,0.5816875095744529,1.0
0.08599758370121655,5,0.36179824313075626,0.42089606335079166,1.0
0.12390093257849685,1,0.4516382860444563,0.5440535847894791,1.0
0.0695362619043245,8,0.5841780774784013,0.5374566008826256,1.0
0.08882156305456823,9,0.39487799702174975,0.41915083973267153,1.0
0.10754423750129043,4,0.24682306837491863,0.58451448098116,1.0
0.1313104805846868,7,0.4772893992219074,0.5136944404313639,1.0
0.09868499477854024,3,0.48582424459724616,0.47274510422713684,1.0
0.08889600946613604,7,0.5135563416414709,0.5513077166990613,1.0
0.13762314138881182,5,0.5728518643514536,0.45147309168032684,1.0
0.07103972199167513,6,0.5637605812231209,0.5387019674092641,1.0
0.056023880867598366,8,0.5258769805243921,0.40794224151444947,1.0
0.10880028900106666,2,0.6195531388086709,0.5678816075218543,1.0
0.08995891551294778,4,0.3481030219186685,0.4896341694042637,1.0
0.07957534365738574,9,0.5504581814477391,0.5273385828715883,1.0
0.11416712894598707,4,0.5626538363336943,0.44424756396133674,1.0
0.10487601427542398,4,0.37604377139197603,0.5354147425316895,1.0
0.08871842738526543,3,0.34971293913176105,0.5544480551786553,1.0
0.07439391202658212,4,0.42540578735243983,0.49464263737687975,1.0
0.1174491465656029,4,0.4338458557484708,0.5235453848123588,1.0
0.11300402355917323,6,0.575341946350243,0.4912651847644797,1.0
0.09801648272441235,7,0.4385461216308905,0.578818273851569,1.0
0.13693273992095334,3,0.4143651481718796,0.4995738361028638,1.0
0.07859830467347695,6,0.4388366263305441,0.5683617418057638,1.0
0.06948949658150523,8,0.6118632334154211,0.5602704116540497,1.0
0.08616183860237511,7,0.5013043374376952,0.4821009642696713,1.0
0.09908827967289005,3,0.4820748974643088,0.446016898371495,1.0
0.10486678898645384,4,0.4889994501298949,0.4812164265119542,1.0
0.09517527884287341,6,0.6292060334326522,0.565243475155044,1.0
0.10704110793028594,8,0.42508282733967584,0.4455265071638785,1.0
0.07496921151619113,3,0.6315508290940104,0.5048872691715499,1.0
0.1288752920814652,4,0.5210496298921503,0.5612193495921495,1.0
0.09835697643214864,3,0.48395806180246526,0.47069549502567576,1.0
0.12234591663176256,8,0.7500900497934282,0.5284419274005394,1.0
0.10685450692755409,1,0.39443605102014034,0.4491263148097629,1.0
0.10913506438307569,3,0.4646314240432994,0.42185588907363203,1.0
0.11139534560464409,7,0.3767568760836,0.5588768450185713,1.0
0.10895417120034631,5,0.5952461970536169,0.41979372468174136,1.0
0.11285445519735088,9,0.668918893365168,0.45427627901591694,1.0
0.12658305060264863,5,0.6669922781404639,0.571021884399488,1.0
0.10393042339402941,4,0.6223948753146005,0.46929385741573343,1.0
0.11418007515177026,5,0.4802379532204034,0.5946090699028321,1.0
0.09820528611425547,7,0.46347590225101537,0.595946866954772,1.0
0.12880234430898946,3,0.33288302275059345,0.45365520409071136,1.0
0.08647215395881461,6,0.7035873535181792,0.40819564444997813,1.0
0.1360188086582163,7,0.5468978078148468,0.5410126568410758,1.0
0.09919684098711314,4,0.45080430951305167,0.49019730052966876,1.0
0.07138449795763904,4,0.6328056888986968,0.42015056879191526,1.0
0.1025620882982158,4,0.4027235483239999,0.5415045637956085,1.0
0.08637896685050239,3,0.5406622034222675,0.40623498182238427,1.0
0.11681287097977448,4,0.4827370865709165,0.5740393380984484,1.0
0.08694752041395219,2,0.5638677139880302,0.42773050582266076,1.0
0.0910763313357044,7,0.49364264608138786,0.42546237574934503,1.0
0.06220918538108938,6,0.35490721088887756,0.43513445959371694,1.0
0.09095387361501847,7,0.5075576372670038,0.5920532716984133,1.0
0.05152241346742087,5,0.6048864141875362,0.5386338720507692,1.0
0.06832194353028553,4,0.4970783594146015,0.5602743070927273,1.0
0.11520829312288595,5,0.5775115121589086,0.4795269971465506,1.0
0.11571600317301665,4,0.3954470514325947,0.4672625455009911,1.0
0.1085091512356993,7,0.4973739206730148,0.446896801356634,1.0
0.08066047713741575,5,0.4375489544911423,0.49612960566248177,1.0
0.0990457728771604,6,0.574698084010471,0.5103657467068337,1.0
0.09992794921818864,5,0.5031491562261996,0.5263549687305511,1.0
0.07683270621614915,2,0.5690073676336612,0.4514237007997389,1.0
0.130067966035343,4,0.6087710426157866,0.5897308161805981,1.0
0.11754724581151343,4,0.5691618575121389,0.4339516996414272,1.0
0.09558071652340673,6,0.5273118434293644,0.5931306349532824,1.0
0.10053771677989062,11,0.4001787741488595,0.4029712245015008,1.0
0.10416765615895106,6,0.49972138893330986,0.4962251383633691,1.0
0.05916530263151419,8,0.44669095979841666,0.4666735676233126,1.0
0.09505645234958807,5,0.46559360432957736,0.4898246827860502,1.0
0.08636031504004403,3,0.4625465849249749,0.5141329157961578,1.0
0.07996759980210169,5,0.40200744252177556,0.4871178316025418,1.0
0.0943779941422809,1,0.304266141086601,0.482969370060319,1.0
0.13595373053699045,8,0.43318569516722333,0.5465446830826612,1.0
0.1128168572253402,6,0.5193379451924159,0.5371752550172929,1.0
0.08857642020434407,4,0.365182295457251,0.5666542564071696,1.0
0.11145165562712318,7,0.5015682236471625,0.44999179624789915,1.0
